{
  "metadata": {
    "p": [0.5, 0.25],
    "u0": [0.99, 0.01, 0],
    "tspan": [0, 10000],
    "dt": 1
  },
  "t": [0, 1, 2, 3, 4, 5, 6, 7, 8, 9, 10, 11, 12, 13, 14, 15, 16, 17, 18, 19, 20, 21, 22, 23, 24, 25, 26, 27, 28, 29, 30, 31, 32, 33, 34, 35, 36, 37, 38, 39, 40, 41, 42, 43, 44, 45, 46, 47, 48, 49, 50, 51, 52, 53, 54, 55, 56, 57, 58, 59, 60, 61, 62, 63, 64, 65, 66, 67, 68, 69, 70, 71, 72, 73, 74, 75, 76, 77, 78, 79, 80, 81, 82, 83, 84, 85, 86, 87, 88, 89, 90, 91, 92, 93, 94, 95, 96, 97, 98, 99, 100, 101, 102, 103, 104, 105, 106, 107, 108, 109, 110, 111, 112, 113, 114, 115, 116, 117, 118, 119, 120, 121, 122, 123, 124, 125, 126, 127, 128, 129, 130, 131, 132, 133, 134, 135, 136, 137, 138, 139, 140, 141, 142, 143, 144, 145, 146, 147, 148, 149, 150, 151, 152, 153, 154, 155],
  "u": [
    [0.99, 0.98440694964861, 0.977331438996124, 0.968421208808124, 0.95727876792117, 0.943459740782655, 0.926494860314859, 0.905926170525522, 0.88135917958918, 0.852531204961468, 0.819390161259207, 0.782163382505046, 0.741400503303619, 0.697965646797957, 0.652971563875248, 0.6076576343733, 0.563246120489528, 0.520808297327375, 0.481170093019178, 0.444873545653578, 0.412187049486723, 0.383150112625788, 0.357632988956669, 0.335395243405492, 0.316135942133493, 0.299531586507628, 0.285261323987505, 0.273022683386876, 0.262540022348691, 0.253567846237684, 0.245890760049949, 0.23932183421971, 0.233700029993173, 0.228887271054932, 0.224765536736503, 0.221234129896683, 0.218207212172962, 0.215611632653606, 0.213385044305554, 0.211474286615165, 0.209834005835194, 0.208425482598453, 0.207215637979876, 0.20617619171226, 0.205282949390392, 0.204515198549171, 0.203855197706691, 0.203287740620601, 0.202799787314734, 0.202380151174089, 0.202019231693445, 0.201708786500973, 0.201441736969181, 0.201212002234418, 0.201014357288795, 0.200844311569693, 0.200698005011204, 0.200572118985285, 0.200463799957385, 0.200370594007699, 0.20029039064642, 0.20022137458492, 0.200161984320731, 0.200110876504289, 0.200066895186552, 0.200029046479899, 0.199996475132266, 0.199968445052353, 0.199944322902607, 0.199923563718631, 0.199905698561728, 0.199890323908111, 0.199877092490386, 0.199865706260412, 0.199855907826421, 0.199847475100295, 0.199840217649369, 0.199833971693338, 0.199828596246183, 0.19982396997674, 0.199819988467396, 0.199816561854919, 0.199813612801625, 0.199811074749287, 0.199808890099296, 0.199807007972345, 0.199805387505247, 0.199803993379564, 0.19980279388857, 0.199801761850866, 0.19980087388964, 0.199800109891144, 0.199799452549587, 0.199798886975182, 0.19979840035685, 0.199797981672009, 0.199797621436885, 0.199797311491688, 0.199797044815768, 0.199796815368591, 0.199796617952901, 0.199796448097004, 0.199796301953468, 0.199796176211975, 0.19979606802434, 0.199795974939994, 0.199795894850475, 0.199795825941668, 0.199795766652715, 0.199795715640657, 0.199795671750019, 0.199795633986629, 0.199795601495108, 0.199795573539489, 0.199795549486547, 0.199795528791459, 0.199795510985459, 0.199795495665223, 0.199795482483732, 0.199795471142412, 0.199795461384369, 0.199795452988575, 0.199795445764855, 0.199795439549585, 0.199795434184452, 0.199795429562225, 0.199795425551086, 0.199795422378676, 0.199795419620304, 0.199795417221933, 0.199795415136579, 0.199795413323388, 0.199795411746841, 0.199795410376052, 0.199795409184168, 0.19979540814784, 0.199795407246764, 0.19979540646329, 0.199795405782069, 0.199795405189756, 0.199795404674746, 0.199795404226952, 0.1997954038376, 0.199795403499063, 0.19979540320471, 0.199795402948773, 0.199795402726239, 0.199795402532748, 0.199795402364511, 0.19979540221823, 0.199795402091041, 0.199795401980451, 0.199795401884295, 0.199795401800688, 0.199795401727993, 0.199795401664786],
    [0.01, 0.0127601815667493, 0.0162288748890931, 0.0205595331049876, 0.0259156022745126, 0.032464003666914, 0.0403560436053094, 0.0496990186084936, 0.06051942393391, 0.0727196146371736, 0.0860360149524193, 0.100014735190122, 0.114016924833121, 0.127267264951407, 0.138943795596049, 0.148297168625712, 0.154761478107411, 0.158031921008582, 0.158089207488049, 0.155170021801194, 0.14970017421764, 0.142212090206727, 0.133269544200808, 0.123408622008091, 0.113099449606827, 0.102727427149972, 0.0925903203755488, 0.0829034055678294, 0.0738103188823432, 0.065396386368798, 0.0577014122297144, 0.0507312507009806, 0.0444676146964837, 0.0388759942767934, 0.0339118214303551, 0.0295251070204674, 0.0256638150423659, 0.0222762312087453, 0.0193125532416562, 0.0167258942958081, 0.0144728548047356, 0.012513784881991, 0.010812831301179, 0.00933783991889875, 0.0080601659434693, 0.00695443035745493, 0.00599824798352511, 0.00517194908140572, 0.00445830424129217, 0.00384226063785221, 0.00331069644077028, 0.00285219461300318, 0.00245683716157088, 0.00211601995587903, 0.00182228724668066, 0.00156918471823542, 0.00135112965114828, 0.00116329667117899, 0.00100151755845169, 0.000862193636222953, 0.000742219342423668, 0.000638915690527164, 0.000549972436400535, 0.000473397794766328, 0.000407474680538594, 0.000350724339465121, 0.000301872535805232, 0.000259821286652119, 0.000223624920237387, 0.000192469006822411, 0.00016565220608364, 0.000142570620217389, 0.000122704252618929, 0.000105606590293672, 9.08918717086454e-05, 7.82271313202214e-05, 6.73267730781607e-05, 5.7945106347653e-05, 4.98705868473637e-05, 4.29211262247631e-05, 3.69399929718651e-05, 3.17922823450648e-05, 2.73618788327958e-05, 2.35488406290925e-05, 2.02666714310079e-05, 1.74389591707795e-05, 1.50043302887136e-05, 1.29097357377224e-05, 1.11075491485925e-05, 9.55693983848011e-06, 8.22279088587482e-06, 7.07488620387246e-06, 6.08722726232318e-06, 5.23744456692113e-06, 4.50629114493903e-06, 3.8772067150736e-06, 3.33594267960274e-06, 2.87023945270295e-06, 2.46954882279369e-06, 2.12479506510385e-06, 1.8281693970918e-06, 1.57295312364548e-06, 1.353365468135e-06, 1.16443264402712e-06, 1.00187520250357e-06, 8.62011105209066e-07, 7.41672327232732e-07, 6.38133101742873e-07, 5.49048181274504e-07, 4.72399717469996e-07, 4.06451556226394e-07, 3.49709913122268e-07, 3.00889538481882e-07, 2.58884605754494e-07, 2.22743663855389e-07, 1.91648086153949e-07, 1.64893527986201e-07, 1.41873972707694e-07, 1.22068004929848e-07, 1.05027000026712e-07, 9.03649624013192e-08, 7.77497823446665e-08, 6.68957134511261e-08, 5.75569001997165e-08, 4.949546835247e-08, 4.25502955158976e-08, 3.65233200361147e-08, 3.17565840818879e-08, 2.76119649140175e-08, 2.40082687635406e-08, 2.08748986287547e-08, 1.8150471269834e-08, 1.5781614701906e-08, 1.37219226296836e-08, 1.19310453409206e-08, 1.03738992491922e-08, 9.01997960085061e-09, 7.84276288199912e-09, 6.81918721855853e-09, 5.92920059039271e-09, 5.1553680089443e-09, 4.48252996293383e-09, 3.89750544102278e-09, 3.38883371360982e-09, 2.94654981522601e-09, 2.56198932919399e-09, 2.22761865025212e-09, 1.93688739955821e-09, 1.6841001027832e-09, 1.46430461402568e-09, 1.2731951022386e-09, 1.10702769953925e-09, 9.62547158203193e-10, 8.36923079809417e-10, 7.27694467254945e-10, 6.32721513403691e-10],
